Concept,Evaluation_mean,Evaluation_std,Potency_mean,Potency_std,Activity_mean,Activity_std
API,0.7470588235294118,1.7388696961156132,0.9029411764705885,1.812129928811048,1.0294117647058825,1.6387817232115387
"Admission of failure, withdrawal of effort",-0.1317073170731707,2.0883461801136423,-0.25121951219512195,2.0883091481281837,-0.3487804878048781,2.2529245980496824
"Agrees (shows passive acceptance, understands, concurs, complies)",1.617142857142857,1.2447571683518297,0.6971428571428571,1.3857407950336196,0.5142857142857143,1.3790561694025907
Android,1.7093749999999996,1.977902831125685,1.7125000000000004,1.834180675397056,1.4593750000000003,1.838623699775188
"Asks for opinions (evaluation, analysis, expression of feeling)",2.167741935483871,1.5859030391331426,1.580645161290323,1.9413030799653717,1.5193548387096774,1.8152435817780113
"Asks for orientation (information, repetition, confirmation)",1.2914285714285718,1.1662813746682057,0.4885714285714285,1.2747596812332742,0.6314285714285715,1.4206178592573078
"Asks for suggestions (direction, possible ways of action)",1.9312500000000001,1.5369282473492378,1.203125,1.7561471277700509,1.2812500000000004,1.4105489844383285
Boolean,0.2571428571428571,1.6093096504465534,0.45714285714285735,1.5808290255948823,-0.0028571428571428636,1.6803886819569394
C,1.9,0.0,1.3,0.0,1.3,0.0
C#,1.1580246913580245,1.7815837175390365,1.1580246913580245,1.7008976713133643,0.774074074074074,1.7428356189018608
C++,0.9750000000000002,2.160037936909648,1.161111111111111,2.0423676045459507,1.0055555555555555,1.975115249020568
CSS,1.6343750000000001,1.4600105682408604,1.4718750000000003,1.6002410707062233,0.9750000000000003,1.530318594280289
"Change to new procedures and different values, creativity",1.8282051282051286,1.5408869769944638,1.5384615384615385,1.737462839981213,1.8564102564102563,1.466514247055883
Chrome,1.859375,1.7021786361527982,2.059375,1.6389515274635185,1.621875,1.815339908770531
"Conservative, established, “correct” ways of doing things",1.6522727272727273,1.4503116649947467,1.2340909090909093,1.5806993822957238,1.0674418604651161,1.7936218950586404
"Dedication, faithfulness, and loyalty to the organization",2.505555555555555,1.5834113041230604,1.7916666666666667,1.6989171387811839,1.961111111111111,1.3333912024478907
"Disagrees (shows passive rejection, formality, withholds help)",-1.315625,2.14244448221535,-0.725,1.9546419109391877,-0.4156249999999999,2.0515404844591782
"Efficiency, strong impartial management",2.141666666666666,1.6119992762612105,2.1444444444444444,1.4332256634839944,1.45,1.6344384016808005
English speaker,2.3833333333333333,1.3635126206481063,2.2249999999999996,1.5408105731147559,1.5472222222222223,1.5153815271539728
Equality and democratic participation in decision-making,2.5111111111111115,1.272743706804271,1.802777777777778,1.9696990902604488,1.7472222222222218,1.6185532138835719
Firefox,1.4323529411764704,1.334986359973344,1.2235294117647062,1.722354548375978,1.4205882352941177,1.4668452365866298
"Friendship, mutual pleasure, and recreation",2.2578947368421054,1.626043240660781,1.807894736842105,1.782130832657676,1.8289473684210527,1.5097765423254637
Git,1.6414634146341467,1.4550124649128457,1.66829268292683,1.717973710635371,1.5243902439024393,1.5666930354162847
GitHub,1.8421052631578945,1.7990687033701587,1.8263157894736848,1.7332179093609783,1.6210526315789477,1.7972431951444618
GitHub user,2.1073170731707314,1.5478372391749722,1.7731707317073169,1.7254231563334426,1.7549999999999997,1.7095247877699813
"Gives opinions (evaluation, analysis, expresses feelings, wishes)",1.7937500000000002,1.3961862116136228,1.9625000000000001,1.2476853569710593,1.3875,1.583064670188808
"Gives orientation (information, repeats, clarifies, confirms)",1.9354838709677418,1.6906857526625056,1.9225806451612901,1.5611636845468737,1.9161290322580642,1.504637299386638
"Gives suggestions (direction, implying autonomy for the other)",1.8599999999999999,1.0983624174196784,1.4800000000000002,1.307735228772028,1.1800000000000002,1.2967652061957864
"Giving up personal needs and desires, passivity",0.4951219512195123,2.149186030776302,0.3048780487804878,2.393278312835529,0.08292682926829263,2.349873109083209
Go,2.1694444444444443,1.3719044841315473,1.9833333333333334,1.5098749028387162,2.2333333333333334,1.5436248824691112
HTML,1.66046511627907,1.6448848881592761,1.5488372093023257,1.726721869717197,1.2116279069767442,2.0733311363797307
"Having a good time, releasing tension, and relaxing control",2.1263157894736837,1.7116757271790268,1.7368421052631582,1.967555396482434,1.5945945945945943,2.1342694105308118
"Individual financial success, personal prominence, and power",2.1815789473684206,1.5829445019958508,2.202631578947368,1.6713509886986104,1.7763157894736843,1.5810446597318124
JSON,1.2815789473684216,1.9736228060623484,1.4578947368421056,1.7081278731479477,0.992105263157895,1.7847868189001361
Java,0.8944444444444445,1.8527673662875883,1.1222222222222225,1.9593240204937903,0.902777777777778,1.9040141968295288
Javascript,2.1305555555555555,1.6175804023369877,1.666666666666667,1.6764711615639427,1.6361111111111115,1.6512878438388252
Linux,1.645161290322581,1.9788948870481806,1.4838709677419357,1.9201977005394855,1.1806451612903224,2.0848794124390193
Mac,1.1511627906976747,1.9217690606148279,0.9046511627906977,1.7066155121232134,1.3069767441860465,1.54940278799903
"Obedience to the chain of command, complying with authority",1.5421052631578946,1.7248389061235727,1.1526315789473685,1.9834495259926999,1.5947368421052628,1.721221623765035
Objective C,1.06,1.3167492439445603,1.0342857142857145,1.2256643346465173,0.9342857142857146,1.537334029535334
PHP,0.9600000000000003,1.6048497927042444,1.1685714285714286,1.7427025692578637,0.7857142857142858,1.8000226755941329
Passive non-cooperation with authority,-0.35526315789473684,2.3448372593536604,-0.07368421052631571,2.060235578063614,0.5236842105263159,2.090257376563233
"Passive rejection of popularity, going it alone",1.2555555555555555,1.9910137625011874,0.3666666666666666,2.2394195676558692,0.38333333333333336,2.3051271355634837
"Popularity and social success, being liked and admired",1.7549999999999997,1.8005485275326516,1.7325,1.6482395912002599,1.8219512195121956,1.8213519764204578
"Protecting less able members, providing help when needed",2.1590909090909083,1.6506635279924944,1.7363636363636366,1.6797038306432734,1.4181818181818182,1.6569787302185548
Python,0.6944444444444444,2.7489335754923463,1.711111111111111,2.360293976249778,1.2222222222222223,2.3033925596716287
"Quiet contentment, taking it easy",1.9916666666666663,1.3200115740233325,1.2888888888888888,1.9647982336019725,-0.2722222222222223,2.138095090795531
R,0.38387096774193546,1.5067796838319598,0.567741935483871,1.5966471112674945,0.5193548387096775,1.5557218747285275
"Rejection of established procedures, rejection of conformity",-0.4166666666666667,2.0608115984835793,-0.40555555555555556,2.120134225892896,0.41944444444444434,2.2225885114789072
Responsible idealism and collaborative work,2.3000000000000003,1.17983049630021,1.8500000000000003,1.6428633540255257,1.5824999999999998,1.7268305504594248
Restraining individual desires for organizational goals,1.4500000000000004,1.7593401540855533,1.0138888888888893,2.0858188876551016,1.0444444444444445,1.8808160823968059
Ruby,1.3093750000000002,1.849384927313673,0.9656250000000002,1.8482439934637958,0.24687499999999998,1.761743521167312
"Rugged, self-oriented individualism and resistance to authority",0.38863636363636367,1.9235639164051366,0.7136363636363637,1.913895469394448,1.3227272727272728,1.8305319192622718
Scala,0.7161290322580643,1.8173175507117267,1.2161290322580647,1.6568716683214062,1.1290322580645165,1.5686841719152653
Scenario 1: Community,0.6228571428571429,1.5001115604772703,0.6457142857142857,1.7778547035511016,0.945714285714286,1.6510330717710147
Scenario 1: Contributors to this project,1.0571428571428574,1.6862952993870006,0.23999999999999985,2.001884826143317,0.8142857142857145,1.6935411517447874
Scenario 1: Owners of this project,0.8400000000000001,1.6360579801112531,1.2342857142857144,1.8507053261072204,0.9657142857142856,1.6642360507611476
Scenario 2: Community,-0.1974358974358975,2.33089475276233,0.7666666666666665,1.8381056766770727,0.33076923076923076,2.2280443127474094
Scenario 2: Contributors to this project,0.6564102564102564,2.375709866576981,0.5282051282051283,2.1803256305786793,1.0179487179487177,2.010851560252559
Scenario 2: Owners of this project,-0.08974358974358972,2.5659301179399288,0.341025641025641,2.370839724515881,0.8282051282051281,2.2236432011740437
Scenario 3: Community,1.9575,1.365080125853424,1.295,1.5874429123593705,1.5824999999999998,1.641628383648382
Scenario 3: Contributors to this project,2.27,1.073824939177704,1.5650000000000002,1.6145510211820497,1.7449999999999999,1.6718178728557724
Scenario 3: Owners of this project,2.1975000000000002,1.29450521435798,1.6849999999999998,1.6657655897514512,1.69,1.601374409686879
Scenario 4: Community,2.0749999999999997,1.580501854194139,2.063888888888889,1.3534221600113825,1.927777777777778,1.4285989856248653
Scenario 4: Contributors to this project,1.9685714285714286,1.4547992357457886,2.0742857142857147,1.4444658641356194,1.8885714285714283,1.5439784285264813
Scenario 4: Owners of this project,2.077777777777778,1.4666877102867444,2.4916666666666667,1.1872879927708262,1.5694444444444446,1.670964366340661
Scenario 5: Community,2.283333333333333,1.2911020271242875,1.9916666666666663,1.5397285114230006,1.5,1.3842366528564076
Scenario 5: Contributors to this project,1.9361111111111111,1.3356548077374253,1.8000000000000003,1.4288690166235203,1.4222222222222227,1.6531302145242035
Scenario 5: Owners of this project,2.022222222222222,1.3689231597441658,1.7416666666666665,1.753943968444957,1.1583333333333337,1.9114239892464118
Scenario 6: Community,1.9421052631578946,1.722243270753731,1.2710526315789477,1.6965767227500455,1.928947368421053,1.3178746635431096
Scenario 6: Contributors to this project,1.4789473684210526,1.6502245293383313,1.1710526315789473,1.6789576802191173,1.7648648648648648,1.5176824822319162
Scenario 6: Owners of this project,1.3815789473684215,1.6355998840209722,1.3710526315789473,1.4918917511769803,1.457894736842105,1.6210184548687072
Scenario 7: Community,1.904545454545454,1.382020021144041,1.8863636363636365,1.2920369592748622,1.4590909090909088,1.5794587942218143
Scenario 7: Contributors to this project,1.9522727272727274,1.1670648179326624,1.2681818181818185,1.6142508433090461,1.4886363636363635,1.2107878556563734
Scenario 7: Owners of this project,1.7931818181818187,1.4982410485864488,2.0136363636363637,1.3669127306536948,1.5454545454545447,1.4556245996844832
Scenario 8: Community,1.9527777777777777,1.7077415415804307,1.8861111111111108,1.8729288972945521,1.677777777777778,1.6492609643094878
Scenario 8: Contributors to this project,1.6111111111111112,1.935311886690471,1.3055555555555554,2.241768206429475,1.772222222222222,1.4662141557826007
Scenario 8: Owners of this project,1.6416666666666668,2.086514238309115,1.7000000000000002,1.8763143541409995,1.6694444444444447,1.5774133968910489
"Self-protection, putting self-interest first, self-sufficiency",0.763888888888889,2.058202125072832,1.188888888888889,1.814873392856583,1.213888888888889,1.6595100980205268
Self-sacrifice if necessary to reach organizational goals,1.797368421052632,2.1515584121998717,1.9815789473684209,1.583443160889368,1.6947368421052627,1.7470196227652595
Shell,1.1333333333333333,1.6596776538020612,0.8641025641025641,1.8708954635773882,0.8205128205128205,1.790599310527421
"Shows antagonism (deflates other's status, defends or asserts self)",-1.2709677419354837,2.1678283392918445,-0.6419354838709677,2.3767386428639625,0.1774193548387097,2.2698173405861075
"Shows solidarity (raises other's status, gives help, rewards)",2.5375,1.1176845485198406,2.15,1.332760293526184,1.5781250000000002,1.87128538293201
"Shows tension (asks for help, withdraws from field)",-0.5542857142857143,1.4037384488048552,-0.3628571428571429,1.6547914351595945,-0.4428571428571428,1.7363814120645455
"Shows tension release (jokes, laughs, shows satisfaction)",1.8903225806451613,1.5471836721270573,1.8161290322580645,1.468836883320367,1.8064516129032255,1.6128387083870452
Swift,1.970731707317072,1.6033872533223523,1.6073170731707318,1.7521262684065364,1.897560975609756,1.7606107317408353
"Tough-mindedness, self-oriented assertiveness",1.7184210526315784,1.8400307868073547,1.8157894736842102,1.6384405801328406,1.484210526315789,1.716564242253675
Trust in the goodness of others,2.036111111111111,1.3932680961158628,1.516666666666667,1.805931584775262,1.0527777777777778,2.036539291040224
TypeScript,1.0159090909090909,1.7146352887870118,0.8295454545454544,1.4691648130600883,0.8,1.5351932066740597
URL,1.4410256410256412,1.7025949950858121,1.0102564102564104,1.894228057614442,1.428205128205128,1.7530850050255684
Unicode,0.9645161290322581,1.8879154551697719,1.1806451612903226,1.929636327902348,0.39354838709677425,2.08372115710378
Windows,2.230555555555556,1.6127649557418886,2.116666666666667,1.8406671495834208,1.7277777777777774,1.546251939927124
XML,0.7871794871794872,1.9762927592713726,0.666666666666667,2.0932533056726323,0.8205128205128207,2.0064229540025837
accept,2.078947368421052,1.3121212024281508,1.5789473684210524,1.9291609704380543,1.7789473684210524,1.6526148172130197
accept (contribution) from,1.8948717948717944,1.5437132585389965,1.810256410256411,1.608916640092519,1.4076923076923076,1.8955257190234296
acceptable,2.005263157894737,1.4175492878131262,1.6131578947368421,1.5553254952330344,1.8815789473684204,1.4605073493315681
accepting authority,0.9580645161290325,2.180229966199687,0.46774193548387083,2.307405622684545,0.36451612903225805,1.8872318672350772
access,1.9162790697674412,1.505637504252962,1.9558139534883723,1.4777894121903987,1.5720930232558146,1.7894166363157067
accidental,-0.30000000000000004,2.100108222319637,-0.21818181818181823,2.0800210583803675,0.23863636363636365,1.8895906133208888
account,1.042857142857143,1.459410001000544,0.9514285714285715,1.6446226538234805,0.777142857142857,1.451321705852135
accurate,2.161111111111111,1.7566188762913855,2.005555555555556,1.7429133408119426,1.572222222222222,1.9276657027940283
active,1.4441176470588235,1.547329991891267,1.629411764705882,1.544350122555783,2.052941176470589,1.6476784548744452
add,2.0444444444444443,1.6195754663979152,1.8500000000000005,1.7211914478058505,1.8111111111111111,1.4835725982644017
admin,1.596875,1.7099861795859639,2.140625,1.6573433890944267,0.5218750000000002,1.9430540353718935
algorithm,1.1846153846153848,1.9471923853087398,1.0871794871794873,2.0236016998360187,1.1538461538461542,1.9951024848486631
align,0.93125,2.0125291146962323,1.0125,1.8041185520912977,0.42812500000000003,1.9365294948373495
ally,1.6290322580645165,1.8852900090740035,1.4290322580645163,1.92373855583795,1.1774193548387097,1.980829034230667
annotation,1.865853658536585,1.0528960655856014,1.2195121951219512,1.616412696667791,1.2804878048780488,1.6276901952774976
anonymous,1.0641025641025639,1.8101547149469595,0.5743589743589744,1.8106122988587137,0.5230769230769231,2.049322782257035
app,1.2499999999999998,1.8383076456349736,1.203125,1.830212483395029,1.2156250000000002,1.6342256145878389
append,0.5354838709677419,1.7364309683383243,0.9129032258064518,1.6933916978205776,0.3,1.5711101478808522
appropriate,1.8096774193548386,1.3917625953258619,1.635483870967742,1.5117920122984945,1.3903225806451616,1.5179261826392374
arbitrary,0.042857142857142816,1.672002343519498,0.41714285714285715,1.4078323184011274,0.8314285714285715,1.4874275835571058
argument,-0.034883720930232516,2.191620799925303,0.8139534883720931,2.0817681879917234,1.272093023255814,1.805331327111176
argumentative,-0.2195121951219514,2.185341354392291,0.5146341463414633,1.9478018850037782,1.4146341463414633,1.9483026979236227
array,2.077777777777778,1.6509443612522554,1.7750000000000001,1.7114605523418358,1.4400000000000002,1.6357086712317868
arrogant,-1.1777777777777778,2.1363404731652564,0.019444444444444448,2.0473315212795145,0.8916666666666665,2.4587005375468833
assert statement,1.6750000000000005,1.7396120257114802,1.85,1.707154064517904,1.428125,1.835285123454936
assign task to,1.7609756097560976,1.2807920660584553,1.3341463414634147,1.7134489190216238,1.2024390243902436,1.6241302069750456
assignment,1.0645161290322582,1.6089564614684715,1.2548387096774196,1.8277147214534577,0.9967741935483871,1.547002068720126
assist,1.7395348837209295,1.504588259351533,1.5116279069767442,1.5015045636194508,1.4000000000000001,1.6502290186375612
assume,0.2058823529411764,1.821269947441424,0.0735294117647058,1.6791645022467383,0.27352941176470585,1.577471697057447
author,1.6628571428571426,1.399609274922462,1.485714285714286,1.4560500103544045,1.1028571428571428,1.382231263322503
awesome,2.4861111111111116,1.4992873821656032,2.402777777777777,1.4235101590222339,2.019444444444444,1.3120847373644322
backend,0.7428571428571431,1.5937889651099113,0.5885714285714286,1.853609826191883,0.5200000000000001,1.4777975890783264
best,2.1820512820512823,1.6486003068449082,2.4153846153846157,1.2636005660542196,1.5948717948717952,1.9706758853504822
better,2.3024390243902446,1.1443365965842285,1.8073170731707315,1.4753900259703863,1.6292682926829267,1.723191013637911
bind,0.5153846153846153,2.0293409896000734,0.46153846153846156,1.9435119394480502,0.39487179487179475,2.0582477882709895
bit,1.0743589743589745,1.6165360161933386,0.5974358974358976,1.8626541828437237,0.6871794871794872,2.039378925967852
block,0.18333333333333335,1.8006943105369106,0.9444444444444444,1.7184366998403011,0.5694444444444445,1.83980968889666
bootstrap,1.378048780487805,1.440784372269689,1.082926829268293,1.6438952015473596,1.0048780487804878,1.6229980117373866
branch,1.748780487804878,1.2601049029539337,1.4536585365853658,1.3928559116864205,1.4951219512195126,1.4381477280053412
break statement,0.9055555555555558,1.8383181390191725,0.8805555555555555,1.8200762261882886,0.7722222222222224,1.6997730422211457
broken,-0.8722222222222222,2.402615601463343,-0.125,2.2713646167496364,-0.263888888888889,2.4278651776792826
browser,2.041666666666666,1.2776660579179349,1.427777777777778,1.8609452662425667,1.3638888888888894,1.6806336070029226
bug,-0.21842105263157896,2.3631886646689773,0.6526315789473687,2.326250296768019,0.8657894736842104,2.1827404691530945
build,1.9714285714285718,1.2456946263193143,1.9485714285714286,1.520596016336344,1.9199999999999997,1.5186083855199237
builder,1.955,1.338646704698443,1.7799999999999998,1.4993665329064805,1.8525000000000005,1.816313230145065
byte,1.090697674418605,1.843633161499499,0.7069767441860465,1.9534579178135547,0.7604651162790699,2.10593177023287
cache,1.3361111111111112,1.538605569587421,1.2611111111111117,1.6073231331381341,1.1527777777777777,1.7452293881561676
capable,2.0500000000000003,1.4833727572131372,1.9789473684210523,1.440240823198976,1.5000000000000002,1.866885952032083
catch statement,1.171875,1.5534707864568937,1.2031250000000002,1.4708595223116991,0.31875000000000003,1.6696626717693608
cause of a problem,-1.2322580645161292,1.6217050160892876,0.4225806451612902,1.934026332912658,0.1451612903225806,2.1006663627367907
celebrity,0.9139534883720928,1.9248172846356137,1.2116279069767446,1.8017058199236584,1.6255813953488374,1.5982683977610814
certain,2.2749999999999995,1.5281388462222054,1.8611111111111116,1.804204622815177,1.4194444444444445,1.9622576912611607
challenger,1.5536585365853663,1.322801454595808,1.353658536585366,1.8353038641180481,1.6219512195121952,1.6296808299101273
change,1.8888888888888893,1.1763355950147751,1.6916666666666669,1.4928300863349007,1.011111111111111,1.6813978605410733
check,1.8999999999999997,1.3653609509268199,1.4315789473684215,1.5542988372080386,1.4605263157894737,1.503249020531373
clarify,1.516279069767442,1.670528426709838,1.027906976744186,1.6755874473366812,1.293023255813954,1.6801709975042767
class,1.4342857142857144,1.3390706493989153,1.551428571428572,1.304798053027239,0.8285714285714286,1.5483763714792027
clean,2.04516129032258,1.8683853145598341,2.0193548387096776,1.7530469980337937,1.77741935483871,1.8303374759192423
clean up,1.680555555555556,2.0469244469100527,1.4555555555555555,2.0275113980285786,1.0638888888888887,2.1158335339080616
clear,1.3314285714285714,1.4828103488350237,1.4771428571428573,1.239835407114466,0.46285714285714286,1.244894881227376
clone,0.4906249999999999,2.038743389780823,0.475,2.123381736758607,0.3125,2.0820287582067643
close,1.0935483870967742,1.5336937247074711,0.8193548387096776,1.4958910075094223,1.0419354838709678,1.6303124959796347
code,1.2769230769230768,1.8536812353498022,1.2923076923076924,1.866627922956619,1.3923076923076925,1.6912117663553483
coder,1.5894736842105264,1.7558607836080693,1.3605263157894736,1.6631516488890048,1.4,1.8627936010197157
collaborator,1.7138888888888895,1.2797900821310453,1.7222222222222228,1.4073440531549553,1.338888888888889,1.5716724598298637
combine,1.4228571428571428,1.4150387605565973,1.225714285714286,1.7113641771811094,0.862857142857143,1.4876800182615526
command,1.9780487804878046,1.0924379080690663,1.7536585365853656,1.4723628862371498,1.8170731707317074,1.2115103331498955
comment,1.2025641025641025,1.9232034146433887,1.4717948717948721,1.665478866680186,0.9102564102564102,1.892467507670109
commit,1.9536585365853658,1.3704365622704373,1.5390243902439023,1.7650921414186285,1.5097560975609756,1.4749625672056703
committed,2.1156250000000005,1.4118050004781113,1.83125,1.6838270212524802,1.2937500000000002,1.8469463818692735
compare,1.241666666666667,1.6274340744456184,0.8861111111111113,1.6951159871455825,0.8944444444444445,1.635363439803799
compatible,2.1974358974358976,1.2480728075999206,1.8999999999999995,1.442576043411799,1.417948717948718,1.9199187743064168
compete with,1.713157894736842,1.5693060908083543,1.763157894736842,1.569012604798515,1.492105263157895,1.7133195816658573
competent,1.8903225806451611,1.8958962198883378,1.9258064516129034,1.5821520138081189,1.4225806451612906,1.6007477441091555
competitor,1.4342105263157894,2.022540913097274,1.8736842105263154,1.4091214527846991,1.3052631578947367,1.7861966898856487
compile,1.5888888888888892,1.2648622625447707,1.4194444444444447,1.3892082966056691,1.0861111111111112,1.5855515650498722
compiler,1.3971428571428572,1.597227189186795,1.36,1.826659714967655,1.6114285714285712,1.7394204993242397
complain to,-0.16000000000000003,1.983676240864781,-0.16571428571428576,1.6698918454529335,0.8285714285714287,1.9167787604015574
complex,0.8829268292682928,1.7995802273436003,1.182926829268293,1.7422864762655283,0.873170731707317,1.7740712981305697
complicated,-0.10571428571428569,1.9941260681085848,0.4942857142857142,1.963661719069447,0.9457142857142857,1.7463992109714297
component,1.3333333333333333,1.2013880860626733,1.2500000000000007,1.5856123948388732,0.7722222222222223,1.6712621828877168
composer,1.4818181818181815,1.620644193925917,1.1704545454545459,1.6751634310302852,1.3840909090909093,1.6825228867575055
compute,1.5999999999999996,1.873920742018835,1.915789473684211,1.232995137180293,1.3432432432432433,1.6113684868124312
concept,1.8421052631578951,1.339212568903511,1.5052631578947366,1.6176570725688846,1.2947368421052632,1.8384700974367179
concerned,0.45882352941176474,1.6822809527995761,0.24999999999999994,1.4625219958124713,0.14705882352941177,1.7931627159718542
config,1.0046511627906978,1.705661365062271,1.23953488372093,1.724129646946772,1.2372093023255815,1.5880400756196085
configure,1.5534883720930235,1.6992951804586245,1.7116279069767444,1.182077261537695,1.311627906976745,1.648707640790991
conflict (in code),0.18055555555555552,2.5750749120111314,1.1611111111111108,2.112433796172054,1.1277777777777775,2.1986878803190164
confusing,-0.7166666666666665,1.9392868104881584,-0.3305555555555556,1.889270794725433,0.02222222222222219,2.0214284156274673
connect,2.366666666666667,1.4210715831528138,1.6861111111111111,1.8339624341508587,1.9861111111111116,1.4489752658301849
consider,1.7937500000000002,1.3831434985206705,1.1343749999999997,1.5649699228339822,0.3624999999999999,1.92966156359088
consistent,2.1157894736842104,1.422659909759379,1.9368421052631581,1.4408369374542043,1.6999999999999995,1.6646479001815813
constant,1.3375000000000001,1.7027092382435705,1.3031249999999999,1.561946777062202,0.12499999999999999,1.93180614969515
constraint,-0.22580645161290322,2.0832616706370497,0.20645161290322575,2.081707655697053,-0.40322580645161293,2.148890767269618
constructor,1.3058823529411765,1.3792455688166434,1.5882352941176467,1.6260317459245146,1.1999999999999997,1.5159931708677474
contain,1.0935483870967748,1.7193276037303105,1.0161290322580647,1.7029569680304841,0.964516129032258,1.6816943044473995
continue statement,1.2282051282051283,1.6506329350063107,1.1897435897435897,1.7105696864502473,1.5282051282051285,1.694023993707218
contribute,1.6857142857142855,1.898742870900617,1.4342857142857142,1.860559494521221,1.4114285714285715,1.6443446681748637
contributor,2.272222222222223,1.480730133547319,1.8444444444444446,1.8053076752922577,1.6749999999999998,1.5843636998282098
controversial,0.04883720930232555,2.2493794589271445,0.6209302325581395,2.0855603384618395,0.844186046511628,1.9585593098085792
convert,0.882051282051282,1.7914142522072267,1.207692307692307,1.5758407793097944,1.1410256410256407,1.8304711385558985
convinced,1.535897435897436,1.8480047701524596,1.8871794871794871,1.5231848360285858,1.453846153846154,1.6746750398665033
copy,0.5682926829268293,1.6463468834599129,0.44390243902439014,1.6388646844375194,0.9048780487804878,1.4342417423055998
copyright,1.3146341463414635,1.7985849418307631,1.2,1.7129350079508021,0.8439024390243904,1.8330367686873892
core,1.4780487804878046,1.4338269098383396,1.2853658536585368,1.6185752505709634,1.0536585365853657,1.9403416295849287
correct,2.5027777777777773,1.5161145718783025,1.9694444444444446,1.937469633374137,1.5222222222222224,1.7915094676946328
count variable,0.8861111111111114,1.6143717005864298,0.8055555555555558,1.7863594954301838,0.6555555555555556,1.7946594298461764
crash report,0.8000000000000002,2.1029080394116675,1.3638888888888892,1.913280019259796,1.188888888888889,1.6244277244921563
create,2.2277777777777774,1.6332671944281074,2.1888888888888887,1.5005143151188338,2.1222222222222222,1.6382767218281382
dangerous,-1.3903225806451613,1.8330927222046876,0.5258064516129033,2.22246125434284,0.39677419354838717,2.3068598781457323
data,1.8236842105263158,1.444305371291046,1.7684210526315787,1.4462483704504112,1.3736842105263158,1.7743322258374923
data type,1.2488372093023257,1.5625518920533978,1.33953488372093,1.467974325686982,1.302325581395349,1.264449208538445
database,1.933333333333334,1.6181264886693294,1.75,1.6826731378639432,1.0388888888888888,2.051595284132946
debug,1.2638888888888893,1.8425756094508605,1.3694444444444445,1.737306255296215,0.1888888888888889,1.925671279461583
decide,1.7631578947368425,1.4484876055701357,1.6684210526315788,1.5617306970419398,1.1710526315789473,1.7353761756213342
declare,1.0023255813953489,1.3177656163286966,1.4697674418604652,1.3870723533250067,1.2883720930232558,1.581169614531874
default,0.46875,1.970951150460102,0.46875,1.8230190447441847,0.12500000000000006,1.7615689029952815
define,2.163888888888889,1.2912424631979202,1.7166666666666668,1.588937450695345,1.6361111111111113,1.4308413953913384
delegate to,1.4472222222222222,1.5345079035876092,1.4444444444444446,1.5938152068480984,1.4583333333333333,1.65182979349165
delete,-0.58125,1.9454172913542225,0.528125,2.2648446932129804,0.2875,2.2238409902688634
depend on,0.4258064516129033,2.0552007580981986,0.4161290322580645,2.1536311084056647,0.39677419354838694,2.1763366483786375
dependency,0.45483870967741935,2.0938987728062752,0.6258064516129032,2.196179636276843,0.49032258064516127,1.926279187668536
describe,1.742857142857143,1.1984002942698746,1.3085714285714287,1.374745987669084,0.9771428571428572,1.5573027440850076
design,1.5342105263157897,1.6683235070272562,1.6710526315789476,1.3333590140647835,1.5342105263157892,1.7276811833981824
determine,2.0414634146341464,1.4749907994349012,1.6097560975609757,1.7330087861019983,1.697560975609756,1.567114453285595
developer,1.8781250000000005,1.2873748422176814,1.603125,1.659910459746248,1.2,1.8386476008196893
different,1.1294117647058828,1.4890836921457882,1.0911764705882356,1.4196867191823828,0.7117647058823529,1.316806454553715
difficult,-0.36666666666666675,2.147429391494163,0.5435897435897435,1.9523549057083667,0.28205128205128205,2.0271075509235263
direct,1.809756097560976,1.4853438261813372,1.6292682926829272,1.5473413709530741,1.9731707317073173,1.1470055160187824
directory,1.3628571428571428,1.376140714209896,1.3771428571428574,1.346335919510159,0.7114285714285717,1.718765575068577
disable,-0.8428571428571429,1.949107592762202,-0.6685714285714285,2.2783166001704513,-0.5714285714285713,2.0530912482082693
discuss,1.6388888888888886,1.561743644096733,1.3972222222222226,1.6577236921472085,0.8444444444444447,1.8160464452645546
display,1.8868421052631579,1.4114514837070122,1.4605263157894732,1.739409983705033,1.455263157894737,1.6207044226152914
distributed,0.7400000000000002,1.954511265179683,0.7542857142857143,2.075757053929668,0.7885714285714286,1.943747695057364
doc,1.2153846153846153,2.0519582218892025,0.8307692307692309,2.0023260635306825,0.6179487179487181,2.11924899553178
docstring,0.9926829268292685,1.372800279276515,0.5219512195121953,1.5106955586057687,0.702439024390244,1.6329664469956762
document,1.362857142857143,1.6316662323764475,1.2971428571428574,1.7162227151984868,1.1942857142857146,2.1014203165808536
documentation,2.0666666666666678,1.5218774954348693,1.6722222222222225,1.79607768811051,1.3666666666666665,1.6847353897076338
dominant,1.611111111111111,1.6746106973426154,2.083333333333334,1.8151369706504858,1.666666666666667,1.7996913315590783
download,1.6767441860465115,1.5527675531431306,1.4930232558139536,1.566865534789227,1.5232558139534884,1.5817031164263127
duplicate,0.49444444444444446,1.9466416157698143,0.49166666666666664,2.0138927203028687,0.7722222222222223,1.9709855277543984
easy,2.2916666666666665,1.256400281226754,1.630555555555556,1.7037245872311058,1.2138888888888892,1.9664057422642653
edit,1.225,1.486396649619475,1.5281250000000002,1.5435823542574592,0.8906250000000002,1.896272556721475
editing software,1.5935483870967744,1.6995133048802944,1.3838709677419356,1.7747506456734754,1.1483870967741934,1.8995535923358644
efficient,2.4555555555555566,1.0991017656968916,2.1916666666666664,1.1825995377416088,1.4749999999999999,1.7260061477938664
empty,0.6631578947368421,2.0800330276516963,0.8394736842105263,1.9122237638392874,0.9473684210526315,1.9649208959710878
enable,1.5548387096774192,1.7346262421028582,1.4516129032258067,1.6128258045934591,0.7580645161290321,1.9022523480962428
enter,1.26,1.385063175454463,1.1257142857142857,1.3943442610658772,0.8400000000000001,1.3844441896608597
error message,-0.4351351351351351,2.4123798069727425,0.013513513513513549,2.5328290093012447,0.2594594594594595,2.5230247247837223
evaluate,1.6375,1.2534327863910375,1.5656249999999998,1.156397794608326,1.1437500000000003,1.5074683868990422
event,1.665116279069768,1.3615797461345513,1.66046511627907,1.5690523780493102,1.811627906976744,1.2518283005687807
exact,1.9348837209302325,1.4861975393648255,1.811627906976744,1.2713679324594893,1.2674418604651165,1.6685491442027696
example,2.283333333333333,1.3899440436378887,1.7972222222222218,1.51648096136181,1.261111111111111,1.3344324173757207
exception,0.9281250000000002,2.2267176481033695,1.0281250000000002,1.825553747325726,0.14375000000000002,1.8212182564151942
exclude,0.3902439024390244,2.0018046587344913,1.0831444142684454e-16,1.9561036433212415,0.45121951219512196,1.9760914799624663
execute,1.4230769230769234,1.916522162462789,1.4179487179487182,1.9352163855519138,1.5000000000000002,1.9390719429665317
exit,1.0439024390243903,1.6228623884806963,0.8536585365853661,1.6504393444608014,0.6487804878048782,1.9692913113319643
expand,1.9111111111111114,1.2586981320611867,1.9722222222222223,1.462610130917234,1.7805555555555554,1.6574443923040816
expect,1.2666666666666666,1.4051492605571996,1.3833333333333337,1.451531757986867,0.8222222222222224,1.985238736148923
experienced,2.06578947368421,1.4495509859752531,1.763157894736842,1.6002337086931002,1.8052631578947367,1.484294510501813
expert,2.2162790697674417,1.522991278290185,2.3046511627906976,1.2458215722728951,1.7395348837209301,1.8613747776137437
explicit,1.297222222222222,1.998539204173209,0.8361111111111114,2.0141379156378236,0.9055555555555554,1.800608607672609
extend,1.8368421052631578,1.598423738798152,1.2736842105263162,1.9416059834615904,2.1,1.3469263254966062
fact,1.709677419354839,1.679545798568802,1.7774193548387098,1.8915277452996277,1.1774193548387097,1.8273389214425817
familiar,1.871875,1.7219600704937963,1.46875,1.86353788196001,0.959375,1.9499774638120821
fault,-0.95,1.854921910517434,-0.5205882352941176,1.6144165603863914,-0.1294117647058823,1.7502150139784851
female,2.419444444444444,1.4015506183518558,2.194444444444444,1.8346880516626198,2.05,1.5388487760516156
fetch,1.132558139534884,1.9068689702954444,1.127906976744186,1.698333736259975,0.9162790697674417,1.7776297561716952
file,1.394871794871795,1.5418850796826786,1.1435897435897435,1.723115078942617,1.0526315789473686,1.8481479836661039
filter,1.6111111111111114,1.246724102459851,1.0583333333333333,1.5002546080212147,0.941666666666667,1.3258906859583528
final,1.5258064516129033,1.536222375942192,1.5322580645161292,1.8145268816885702,0.8838709677419355,1.6879261515327308
find,1.3968749999999999,1.5261234335318359,1.1656250000000004,1.5487110315920785,0.953125,1.7489254513486272
flag,1.3483870967741938,1.7151828582553121,1.7,1.6543198582947576,1.0096774193548386,1.7205315830288592
float,1.1277777777777782,1.6349670589802772,0.8333333333333335,1.6636639617957039,0.9722222222222224,1.6592520254471945
follow,0.8200000000000002,1.4910782292402656,0.3428571428571428,1.8733142081479497,0.48571428571428593,1.6738566002998425
follower,0.8974358974358975,2.000190654949491,0.6948717948717947,2.253310808332499,0.4897435897435896,2.262151786128541
forget,-0.9714285714285716,1.5166827389445179,-0.9057142857142856,1.523143902242587,-0.40857142857142853,1.8587816944856923
fork,0.9153846153846155,1.7235232938311853,0.5769230769230769,2.078147787057521,0.8512820512820511,1.9496050612383136
friendly,2.7593750000000004,1.5086954992227557,1.659375,1.7338287428044905,1.1875,1.8729572205472287
function,1.8416666666666661,1.2148102275206973,1.7222222222222223,1.413449506057022,1.4388888888888893,1.595353979838849
functional,2.0230769230769234,1.5543918818264486,1.564102564102564,1.7759774743730858,1.6666666666666667,1.58637359930793
generate,1.8536585365853662,1.304606764596905,1.5365853658536581,1.770318435949841,1.6170731707317072,1.5269773169085914
get,1.65,1.3951304200284964,1.7194444444444443,1.4385215103718363,1.5555555555555558,1.5674544906461922
give something to,2.196774193548387,1.5079325455452814,1.9903225806451612,1.5793740774708467,1.4580645161290324,1.7922366983561195
google,2.2333333333333334,1.386041525752786,2.433333333333333,1.20761472884912,1.811111111111112,1.8459832937997176
grandmother,2.310354223433244,1.7278616463930694,1.8550408719346057,1.9171875507097669,0.39008264462809894,2.2765932558702704
great,2.647222222222222,1.185206524692148,2.1527777777777772,1.3516422338751708,1.625,1.522493386229021
guarantee something to,2.1707317073170733,1.2776204830663695,1.7073170731707314,1.6447092179652083,1.117073170731707,1.903642521143237
guess,1.1157894736842107,1.6629913307666357,1.2605263157894737,1.8398425953388697,1.4315789473684213,1.405647493273566
guide,1.9500000000000002,1.7444355979959694,1.538888888888889,1.919096688227415,1.186111111111111,2.050223941396779
handle (for a resource),1.2186046511627913,1.1499758974124326,1.2651162790697672,1.3457743894908278,1.086046511627907,1.5394927275897687
happy,2.661290322580645,1.7459034853705195,2.4032258064516125,1.6791864141683543,1.8741935483870966,1.9546417445751527
hard,1.2473684210526315,1.9545812368981619,1.6026315789473684,1.434442279682111,1.0263157894736845,1.9097649635665856
hash,1.2944444444444445,1.8494660557463674,1.083333333333333,2.0323084848953856,1.2333333333333334,1.773571412589737
help,2.3222222222222215,1.243005120019649,1.7027777777777782,1.6560471865108848,1.1972222222222224,1.5061883663943656
hide,0.08636363636363636,1.748062682084332,-0.24545454545454543,1.8279962384900807,-0.17954545454545454,2.1033068709507012
hint,2.002777777777778,1.2334428129587145,1.3388888888888892,1.510201932373022,1.6472222222222224,1.146610006136716
hobbyist,1.4771428571428575,1.3206244657705826,1.2058823529411766,1.4409843809560081,0.9571428571428572,1.460584171641258
ignore,-0.9187500000000002,2.2063031155079305,-0.471875,2.14304607612039,-1.14375,1.7153602937867019
image,1.446875,1.5417085439132132,1.3656250000000003,1.694957480108277,0.56875,1.9655529597291446
imagine,1.890322580645162,1.5944166369148185,1.7516129032258068,1.7558879690440123,1.506451612903226,1.7331558915553105
implement,1.5657142857142856,1.4048777999004258,1.2942857142857147,1.525205907811955,1.2457142857142858,1.5349905271262578
implementation,1.6032258064516125,1.4090682968332227,1.4161290322580649,1.9186851637369338,1.0419354838709678,1.6035795027513045
implicit,0.9028571428571431,1.6310357295351958,0.8,1.7425760897508689,0.7428571428571431,1.5909181022803358
imply,1.182051282051282,1.6154497341372147,0.9512820512820511,1.6167190255658406,1.2923076923076924,1.4791516306150239
import,1.3463414634146345,1.6461481367971673,1.2268292682926834,1.654708638452026,1.4414634146341463,1.5138346737319828
important,2.046875,1.540289010015653,2.1999999999999997,1.5262290129597196,1.678125,1.725676384602571
improve,2.4305555555555554,1.558100596603378,2.352777777777777,1.641050833918978,1.5277777777777777,2.105892673100242
inactive,0.31025641025641015,2.195075475811752,0.2589743589743588,2.1553413613527495,0.2025641025641026,2.3545359583629626
include,1.833333333333333,1.3214049761943198,1.719444444444445,1.3413963380755403,1.5333333333333339,1.296362432175337
incorrect,-1.0709677419354837,1.8208813088433033,-0.2741935483870967,2.0647530106037104,-0.15483870967741942,1.9475110185911193
index,1.0142857142857145,1.1472060114264837,1.0514285714285714,1.5066275354619818,0.6657142857142857,1.1735033890371314
individual,1.4444444444444446,1.7464956093790351,1.6027777777777779,1.7659567930902864,0.7222222222222225,1.916755231448176
inexperienced,-0.8097560975609753,2.109190675677583,-0.8829268292682924,2.171759142983827,-0.32439024390243903,2.1467821055443204
inherit,1.8,1.4325171074573226,1.4710526315789474,1.606222750288921,1.334210526315789,1.8541952880441117
initialize,1.2930232558139536,1.5495528760704607,1.434883720930232,1.4272894657487376,1.402325581395349,1.390246485104563
input data,1.0205128205128204,1.8040097059235587,1.4461538461538461,1.812470498977761,1.0461538461538462,1.9268475853987523
insert,1.5305555555555561,1.485451567041043,1.2500000000000007,1.7792788801459238,1.305555555555556,1.4110564293867132
install,1.0343749999999998,1.695141840488577,1.1,1.7797471730557686,0.503125,1.8488990600827833
instance,1.5536585365853657,1.3341842416697214,1.3121951219512198,1.343492921537031,1.0414634146341462,1.6760836479731478
instruct,1.5578947368421054,1.6740482887689334,1.5078947368421052,1.620328358364337,1.423684210526316,1.8977041822778655
insult,-1.3465116279069766,2.074804427567931,-0.3837209302325579,2.2443655790340005,0.5395348837209303,2.0967460432091816
integer,0.5833333333333333,1.7791227551177513,1.1277777777777773,1.729902230877532,0.6638888888888891,1.8593835265392216
intentional,1.102857142857143,1.2353104212037935,1.0742857142857143,1.4207327801712262,1.0600000000000005,1.2233910716879188
interesting,1.8923076923076927,1.8582297359259135,1.9307692307692308,1.6180320186610122,1.358974358974359,1.9750648088967966
interface,1.7305555555555556,1.4469929440902307,1.411111111111111,1.6532422316597195,1.1166666666666665,1.4635383303639315
introduce,1.7548387096774196,1.3104637715580225,1.470967741935484,1.6909996181657867,1.0225806451612902,1.8069239013948102
invalid,-0.6268292682926829,2.1546347537506665,-0.6658536585365853,2.058131968095431,-0.16097560975609762,1.9251706352983031
issue,1.178947368421053,1.9009911396477868,1.0,1.7919410234656015,1.318421052631579,1.5784494829050129
iterate,0.9514285714285714,1.0781919862360663,0.9542857142857143,1.3869479044996313,0.9428571428571431,1.4861812452986853
job,2.0418604651162795,1.3660727206867265,1.7627906976744188,1.4756982195768564,1.530232558139535,1.5483727217474463
keep,1.736842105263158,1.4631294961272814,1.555263157894737,1.6970093459440956,1.8131578947368419,1.4396949700017014
key,2.288888888888889,1.4177011473543626,1.7166666666666672,1.7753716355863198,1.4694444444444443,1.7967284226313551
know,1.8756097560975609,1.7000402416764884,2.012195121951219,1.2751269897450233,1.6560975609756092,1.4711947659172608
knowledgeable,2.236111111111111,1.7701463809178448,2.269444444444444,1.9056669063676086,1.2722222222222226,2.2048697506392414
label,0.7805555555555556,1.859333728403873,1.1222222222222222,1.7821820444349035,0.3888888888888888,1.6617891592727831
large,1.4232558139534885,1.485251088208434,1.830232558139535,1.580334801696019,1.4883720930232562,1.6715414557500416
leader,2.5583333333333336,1.1046304057617342,2.1666666666666665,1.6350331291240963,1.9861111111111107,1.328983065224806
leading,2.3388888888888886,1.3518049205450748,2.105555555555556,1.724809883958945,1.9027777777777777,1.566575548965732
learn something from,2.8444444444444446,1.3330092198656818,2.808333333333333,1.3026415470113026,2.133333333333334,1.4681810363696828
legacy,1.4874999999999998,1.8634225902891701,1.353125,1.8991748825147725,0.6406249999999998,2.176846827265299
library,2.1625,1.632817733245202,1.6937499999999999,1.7779794536214415,0.059375000000000025,2.5885395707570322
limit,1.0805555555555555,1.7222110214689534,0.5944444444444446,1.7749717438196093,0.577777777777778,1.711093073498002
list,1.2741935483870968,1.3502610839378757,1.025806451612903,1.3907453888949517,0.4967741935483871,1.7291586376537973
little,0.46285714285714286,1.4876800182615526,-0.4171428571428572,1.8901981323638632,0.2457142857142857,1.631536148567243
log,1.6552631578947365,1.1726482328969516,1.3552631578947367,1.528104668573571,1.0315789473684207,1.7172660743411612
logic,1.7942857142857143,1.5059772066464936,1.9085714285714286,1.4323549896329928,1.1571428571428573,1.6250337516118092
long,1.1179487179487175,1.7787739648091805,1.4358974358974361,1.535642716774696,1.3589743589743588,1.687011915924349
look up table,1.4333333333333336,1.4231300521382944,1.2230769230769236,1.654126392476696,1.2615384615384615,1.4584177208607656
loop,1.1487804878048782,1.476832792890197,0.626829268292683,1.6483582949139606,0.824390243902439,1.9508322786485295
lurker,0.04210526315789473,2.189884829818006,0.6105263157894737,2.055389510234292,0.45,2.305913450696982
machine,1.4749999999999994,1.286117110617156,1.6666666666666672,1.5262517631257448,2.0416666666666665,1.271127015246269
maintain,1.4534883720930232,1.6661261066777522,1.446511627906977,1.6015034850588024,0.6511627906976745,1.7710031440655
make file,1.1638888888888896,1.799869251081215,1.288888888888889,1.6382202025670316,0.613888888888889,1.8041853775438959
male,1.2444444444444445,1.7091980647927723,1.291666666666667,1.6171605774731628,1.1694444444444443,1.477952683884863
manage,2.219444444444444,1.3837990068496306,2.0027777777777778,1.4392293676963053,1.9361111111111111,1.5297335965922987
master,1.6657894736842103,1.8378013631553092,2.2,1.4547562646277499,1.8105263157894735,1.6872259190573913
match,1.3697674418604653,1.4329242963045772,1.3790697674418602,1.2466808285025324,1.2348837209302324,1.4276153023820726
matrix,1.1027777777777779,1.9361310376784233,1.3972222222222226,1.7469793153884396,1.6027777777777776,1.4644843823588012
mature,1.8722222222222225,1.3496112837717202,2.155555555555555,1.3282077407051713,1.6305555555555558,1.4966294435691236
meaningful,2.333333333333333,1.1177855091404811,1.7611111111111108,1.541333797898174,1.1444444444444446,1.6202613719953478
mechanism,1.165625,1.5230744759777837,0.8874999999999998,1.8411528317877361,1.1,1.9132759863647484
member,1.8906976744186048,1.4360498069823784,1.5813953488372092,1.3858513987846064,1.6534883720930231,1.2538960376046357
memory,1.5354838709677423,1.7939950708561,2.151612903225807,1.416918730508481,1.4838709677419353,1.9808920724525894
mention,1.0781250000000002,1.7283905763382883,0.8250000000000002,1.7548148050435406,0.628125,1.9165780663398504
mentor,2.313888888888888,1.349105213296283,1.8888888888888888,1.8608208728912234,1.6305555555555555,1.8618717351162222
merge,1.409677419354839,1.4631726109690935,1.5193548387096778,1.7016916355428755,1.1290322580645158,1.5713551883618406
message,1.2714285714285716,1.1080411102665897,1.2142857142857142,1.3399664936414017,1.028571428571429,1.359741872262406
method,1.4228571428571428,1.19715990441323,1.3314285714285716,1.615066814818053,1.0314285714285714,1.5592619918357766
miss,0.5615384615384615,2.03427242516895,0.10256410256410262,2.0494511059389664,0.5435897435897435,2.005606867911245
missing,-0.007894736842105282,2.1538681945388354,0.23684210526315785,2.1903401625548553,0.20000000000000007,1.9618734333338257
mistake,-0.5973684210526317,2.124355858050705,-0.5842105263157894,2.2224365855365376,0.03947368421052634,2.2771796352972995
mock,-0.28461538461538466,2.4834362527155345,0.6589743589743589,2.1961175472623995,0.7333333333333335,2.1231729199156737
model,2.0024390243902443,1.0884062649128252,1.517073170731707,1.6749084341953522,1.3756097560975609,1.5718220726906404
modify,1.8073170731707315,1.3206410571777742,1.329268292682927,1.8424855828855182,1.4902439024390242,1.6005799068064597
module,0.92,1.3930029227740848,1.08,1.5738578625239865,0.46,1.7126754341839387
motivated,2.2500000000000004,1.5337861650177966,2.307894736842105,1.489503905216938,2.1368421052631574,1.3344466727590405
move,1.6333333333333333,1.501295736651806,1.708333333333334,1.5964152550845492,1.7916666666666667,1.6583752088515233
native English speaker,1.7258064516129037,2.193092931843134,1.5451612903225806,1.9881647737382881,1.835483870967742,1.74587964465218
necessary,1.418604651162791,1.5472790542129995,1.4441860465116279,1.572925333549428,1.2674418604651165,1.6167324109079584
negative,-1.072222222222222,2.614873176350062,-0.28055555555555567,2.7255804116273867,0.3638888888888889,2.7218409596955775
new,1.8781249999999998,1.4510199806946147,1.3718750000000002,1.7066477329475465,1.6,1.3738631664034087
newcomer,1.284375,1.6692268747462102,0.328125,1.7923856963206888,0.25312499999999993,1.8592647026109541
nitpick over,-0.28888888888888886,2.204512767758417,-0.2694444444444446,2.0350838700222385,0.5500000000000002,1.9561157657175834
non-native English speaker,0.2371428571428571,1.6092741423716852,-0.3142857142857143,1.5604290357174861,0.09999999999999998,1.544760730432294
normal,0.8419354838709678,1.8216926183738213,0.8838709677419355,1.705417700077542,0.16129032258064516,1.8510114792615306
notice,2.127027027027027,1.4060965036753055,1.905405405405405,1.5275746446920089,1.724324324324325,1.5095024068994902
novice,-0.03023255813953487,1.8596742505099475,-0.4465116279069768,1.9018166146900977,0.1465116279069768,1.9063356835135004
number,1.7250000000000003,1.4765528549067701,1.5055555555555558,1.681920932948799,1.1972222222222224,1.7848881245848296
object (instance of a class),1.4868421052631584,1.7072864053245707,1.4736842105263153,1.6329959890572325,1.3131578947368423,1.8850060802123885
obvious,1.2076923076923076,1.7502211750906513,1.2128205128205127,1.6704336128574042,1.1487179487179493,1.896808628124916
omit,-0.06279069767441858,2.1152847140063242,0.17441860465116285,1.9045957910002134,0.24186046511627912,2.061973829502516
open-source,2.068292682926829,1.2228393637181687,1.76829268292683,1.5907413556823649,1.6146341463414637,1.7081670358160708
opposing authority,0.26666666666666666,2.4048561980570344,0.8083333333333332,2.3218018625388535,1.1138888888888885,2.1012103361023167
option,1.5069767441860464,1.397239029814123,1.6558139534883722,1.6987413022288955,1.1790697674418604,1.5238504076515993
organization,2.102777777777778,1.6720722524113456,1.913888888888889,1.5213577228869135,1.6249999999999998,1.9289281710029769
override,1.05,1.776935564391686,1.236111111111111,1.8896138314742421,1.4916666666666667,1.784092517531283
overwrite,0.5375000000000001,1.554981913078091,1.1593750000000003,1.6631783155678168,0.7718750000000001,1.7230486018609574
parameter,1.5937499999999998,1.1699192012698996,1.409375,1.495902606914969,0.940625,1.5153092454594872
parse,1.1225806451612903,1.586375393359859,0.9387096774193547,1.8037018241803462,0.8645161290322582,1.5818625989629815
parser,1.0225806451612902,1.7435058632276696,0.7290322580645163,1.8737909733645968,0.6612903225806451,1.9013878495516052
pass something to,1.3714285714285717,1.6050939320215016,1.32,1.4300449543383493,1.0171428571428571,1.618550623999441
paste,0.937142857142857,1.452305696723212,0.6714285714285714,1.5956317922147738,0.7885714285714285,1.4785652173782584
patch,0.977142857142857,1.4336936740532855,0.6771428571428572,1.4418412265048395,0.8485714285714286,1.624521279563645
peer,1.5589743589743592,1.8416433504106509,1.6487179487179486,1.4621501194231477,1.6641025641025642,1.824405372673403
perform,1.9435897435897436,1.7081696414575953,1.820512820512821,1.833055385062718,2.048717948717948,1.5874300783909845
performance,1.8179487179487184,1.6318735174201864,1.9923076923076921,1.6259726265372738,1.8666666666666667,1.7659650275791077
peripheral,1.3875000000000004,1.415483574613284,1.015625,1.4195310350164945,0.14374999999999993,1.5789508977482485
person with poor English language skills,-0.18048780487804889,2.251635666949817,-0.648780487804878,2.238588617990113,-0.38780487804878055,2.3520821208858416
plugin,1.5731707317073171,1.4272648907654315,1.326829268292683,1.6734693611052462,1.0146341463414634,1.8601810789917483
point to,1.3317073170731708,1.5885933376372585,1.1585365853658538,1.7022188689853617,1.2707317073170734,1.6914770428698171
pointer,1.2250000000000003,1.3953046262375826,0.9500000000000001,1.7658016750347576,0.9083333333333338,1.47391673969582
policy,1.5861111111111112,1.505204448604496,1.677777777777778,1.532084837930747,1.0611111111111113,1.8012769818748307
polite,2.3129032258064517,2.0389342465127456,1.429032258064516,2.3748947071243305,1.2580645161290323,2.249268582701495
popular,1.9777777777777774,1.5378757194243824,1.9805555555555552,1.2602511752390306,1.2638888888888888,1.8948985281800093
port,1.444736842105263,1.6557233064706276,1.468421052631579,1.4798835770634289,1.5815789473684212,1.5999761944212425
prevent,1.2361111111111112,1.6285905251982256,0.6555555555555554,1.8402059734419292,0.6277777777777778,1.9210256391242777
private,1.5026315789473683,1.7859814995955325,1.618421052631579,1.5660636646260744,1.1157894736842104,1.9357476885104132
problem,-0.9372093023255815,2.0648805648003496,-0.1697674418604651,2.2245495895010454,0.4069767441860465,2.1047449548675874
produce,2.0250000000000004,1.186585905491512,1.6416666666666668,1.51169055475429,1.0750000000000002,1.6903936096529577
product,1.9083333333333339,1.4789964690815036,1.7333333333333334,1.6418147141366335,1.6472222222222221,1.6461210484568987
profile,1.6437500000000005,1.325692625573515,1.2843750000000005,1.6624735665191792,0.775,1.6221128197508337
program,1.3322580645161295,1.766057591720517,1.5129032258064516,1.655828792669929,1.1129032258064517,1.726779948526956
project,1.5942857142857143,1.4216575551382382,1.3257142857142858,1.5670432316295293,1.102857142857143,1.672719891893049
project member,1.6485714285714286,1.2889356469742066,1.4285714285714284,1.3308582469479564,0.7857142857142858,1.4799889685192844
project owner,1.7078947368421051,1.511078662995998,1.9105263157894736,1.7397503562117922,1.4026315789473685,1.6765388598169904
promise,2.3205128205128203,1.3113272757761918,2.1512820512820507,1.6309304871086345,1.8205128205128205,1.674113540734777
promote,2.035483870967742,1.8227148109339317,1.9483870967741936,1.9759637857041188,1.6741935483870967,1.7904707872395955
proper,1.7883720930232558,1.7089653203614008,1.77906976744186,1.3167186380835845,1.0744186046511628,1.776604158612169
property,1.6076923076923078,1.7315155086245966,1.3282051282051281,1.9088120507535322,1.5307692307692307,1.5700977996901073
propose something to,1.7971428571428576,1.8352867762342777,1.9142857142857144,1.778786561859815,1.6885714285714288,1.6887478757218621
provide something to,1.8527777777777774,1.5896341492290174,1.6944444444444442,1.5163817396180006,0.9388888888888888,1.9326547340349374
proxy,1.2878048780487805,1.2577942601839993,1.3658536585365852,1.5974995333557944,1.058536585365854,1.5228304214731034
public,1.441666666666667,2.052014592757295,1.2805555555555557,2.1490074510553376,1.5611111111111113,1.902670313267029
pull,1.6105263157894736,1.5880788581911778,1.3263157894736841,1.5787543741700985,1.0026315789473685,1.7661267228339064
pull request,0.952777777777778,1.3933345516563873,0.9500000000000001,1.3238202294873727,1.0722222222222224,1.5285452617714501
puppet,0.09444444444444436,1.8903180867610092,-0.2444444444444444,1.981503980488396,0.09722222222222227,1.6690792723187087
purpose,1.726315789473684,1.767198825755238,2.0789473684210527,1.453699073821648,1.8499999999999996,1.3134426439503815
push,0.9418604651162792,1.9908199266960376,0.8558139534883723,1.6100415025101993,1.2837209302325583,1.567835158717511
put,1.1611111111111116,1.7547202654202587,0.661111111111111,1.9336605725608988,0.8916666666666663,1.7012046385494668
quiet,0.9914285714285713,1.5725087196799221,0.21428571428571433,1.6200781034334395,-0.8342857142857144,2.006125314009622
range (of values),1.2,1.8282028282976015,1.1186046511627907,1.753833782524032,1.2627906976744185,1.5712568300440188
read,1.775,1.4075688260259247,1.440625,1.6883533721869366,0.48437500000000006,1.9948542200810064
readable,1.9800000000000004,1.2628312860959918,1.662857142857143,1.5869261778285564,0.7514285714285716,1.8213607830522804
real,1.6102564102564103,1.8680573855725744,1.5512820512820513,1.8473642755561017,1.3615384615384614,1.9234871357358287
realize,1.780645161290323,1.649715391844754,1.5161290322580647,1.9175079213687665,1.4999999999999996,1.9141240732360942
recall,0.7714285714285715,1.6049159174364296,0.885714285714286,1.499360407858318,0.7228571428571429,1.4265013573246188
receive,1.7769230769230775,1.2781118964018237,1.3717948717948723,1.7533775052370033,1.4974358974358977,1.5178404327280897
recommend something to,1.6473684210526316,1.776859565890762,1.4736842105263157,1.6839308978393563,1.063157894736842,1.9768956329281284
recruit,0.9232558139534884,1.7615845416413938,1.2976744186046512,1.3212904847759803,0.6860465116279071,1.5509309125525506
redirect,0.773170731707317,1.4999226630866431,0.6804878048780488,1.6215348814633925,0.7707317073170732,1.9510152332091513
redundant,0.043902439024390304,2.286764545825134,0.2780487804878049,2.133302969246533,0.42195121951219505,1.9747815186498359
refer to,1.1722222222222225,1.5014088034448607,1.413888888888889,1.7101255278451504,1.0416666666666667,1.72761476544332
reference,1.8333333333333337,1.1387127235025816,0.8583333333333335,1.7182638201264542,0.7944444444444446,1.6222317351319249
register,1.394736842105263,1.3979208938580054,1.376315789473684,1.5693502192956563,1.5684210526315792,1.3284548331679602
regular,0.8833333333333333,1.3090496977239294,0.6972222222222224,1.4665693359960692,0.5750000000000002,1.7522009968417818
"reinforcement of authority, rules, and regulations",1.6942857142857142,1.5124139375076344,1.8514285714285714,1.5522097480820096,1.8657142857142857,1.3686161638975454
reject,-0.8906976744186044,2.1853437762116856,-0.11860465116279074,2.185390797254018,-0.20930232558139528,2.0057839566344793
related,1.427777777777778,1.5424747631847104,1.3611111111111116,1.553361547987278,1.1472222222222226,1.8276405723578133
release,1.911111111111111,1.4381272115300545,1.611111111111111,1.7368198553323093,1.2722222222222224,1.8356971293264268
release engineer,1.428125,1.5083588712156666,1.1812500000000004,1.5238597171327812,0.7625,1.8065419314258941
relevant,1.739473684210526,1.5118025967078976,1.4500000000000004,1.7824805306384872,1.6657894736842107,1.5805189547123393
reliable,2.0307692307692307,1.9135353033069373,2.3051282051282054,1.2632779335560322,1.3384615384615388,1.7723829221925165
rely on,1.9416666666666664,1.924170095276287,1.733333333333333,2.0390629656236166,1.3444444444444443,1.9711029687919013
remember,2.1281250000000003,1.3599711336550493,1.9062499999999998,1.5145002269725814,1.0000000000000002,1.9874606914351791
remote (repository),1.4906250000000003,1.543607660441927,1.00625,1.8642923422843318,0.38125000000000003,2.0016301949910726
remove,0.17419354838709677,1.960573935378977,1.0032258064516129,1.9091433429290101,0.3225806451612903,2.0371880806038556
rename,0.8857142857142857,1.544787152632613,0.5411764705882355,1.4703176221601244,0.7852941176470589,1.4000278049636299
render,1.4102564102564104,1.4273509391472547,0.9128205128205129,1.7282241496328234,1.2153846153846155,1.6735557817518687
repeat,0.6487804878048781,1.9753507809783954,0.5780487804878048,1.8811662437554142,0.6365853658536585,1.835125581874237
replace,1.0055555555555555,1.538929000680604,0.9805555555555555,1.5280378566508177,1.1527777777777781,1.3787043255477045
report,1.177777777777778,1.6635155396380534,1.2194444444444448,1.5029266716133935,0.9333333333333338,1.8029297145356376
repository,0.9677419354838708,1.9008295467139527,0.8225806451612906,1.9101950039652436,0.5354838709677419,1.7875101420144084
require,0.9857142857142858,1.4699160048194897,0.9714285714285714,1.7640167521995975,1.0457142857142858,1.6387003312107447
reset,0.8860465116279068,1.603423865002615,1.069767441860465,1.6989100313889258,0.7511627906976743,1.5736747237882058
resolve,1.958333333333333,1.9073505475164,1.275,2.113892539053645,1.2972222222222225,2.0251867007363806
retrieve,1.2718749999999999,1.2572873515529375,1.2125,1.4785444700785972,0.7,1.6990806337546196
return,1.0580645161290323,1.8285855971652654,0.8516129032258067,1.8633772612914499,0.8419354838709677,1.792776580281383
reuse,1.442857142857143,1.6061107797205938,1.1228571428571428,1.5964399168660452,0.8628571428571425,1.6365618515282432
reverse,0.04871794871794871,1.6763623307736362,0.5641025641025643,1.6746200762372982,0.28974358974358966,1.8449925122209077
revert,0.5317073170731708,1.9300497939223307,0.6756097560975609,1.895795153054212,0.7170731707317073,1.8712070499852058
review,1.6972222222222222,1.5906822629703254,1.6305555555555558,1.6319414893590267,1.4527777777777782,1.842776605365922
reviewer (of code),1.8333333333333333,1.7666666666666666,1.5722222222222222,1.7106871769215872,1.1888888888888889,1.7954847345769236
rewrite,1.0138888888888888,1.690521414925285,1.0027777777777778,1.892600520023986,0.5166666666666668,1.8180422926262683
right,1.7916666666666667,1.742663191784345,1.4222222222222223,1.8755904420136182,1.2583333333333335,1.593105806627768
rockstar programmer,1.8935483870967742,1.7723568205278506,2.1225806451612907,1.6257424462567478,1.6741935483870967,2.091914964955205
root,0.9428571428571431,1.3322989184726022,1.342857142857143,1.4689715963967473,0.16000000000000003,1.7458849577547444
rude,-1.446341463414634,2.113729516463398,-0.6951219512195123,2.1485050071190677,0.6170731707317074,2.291117784393268
run,1.807894736842105,1.4490253673540217,1.6526315789473685,1.4814176784250073,1.6710526315789478,2.089687447636336
save,2.146511627906977,1.4263873437870775,1.9395348837209307,1.424068775266877,1.4976744186046513,1.8832787307559349
scale,1.1128205128205129,1.5108461692943898,0.8435897435897436,1.7044128053898377,1.1051282051282054,1.8181349584541817
schema,0.3885714285714285,1.8549965619639188,0.7142857142857144,1.7471843237691007,0.4971428571428572,1.9491369099879956
screen,1.6638888888888888,1.235617879123589,1.5666666666666664,1.394034911088432,1.2361111111111114,1.532998655101566
script,1.6710526315789473,1.3116698667481768,1.6447368421052628,1.6284796539654716,1.5315789473684212,1.4101334881115433
search,2.1027777777777774,1.6254035586263067,1.7055555555555553,1.831202465358706,1.125,1.7450525302504027
select,1.1781250000000003,1.353637316409015,0.9687500000000001,1.3309858892940978,0.7781250000000001,1.4037303816527589
separate,0.17714285714285719,1.4206810669103573,0.40571428571428575,1.0359103262742546,0.3885714285714284,1.3037903925689518
server,1.5795454545454546,1.3219440824122604,1.4886363636363633,1.6775544848340327,1.6340909090909086,1.3663060987099123
set,1.4032258064516132,1.244208226263502,0.9935483870967741,1.6533320186180755,0.9677419354838713,1.2834899742685437
setting,1.683333333333334,1.5562597612366786,0.9333333333333336,1.9389286847237175,0.9805555555555556,1.7869619539014698
similar,1.3682926829268292,1.2373139721009445,0.5317073170731706,1.7042899994254446,1.0560975609756096,1.4491458847748575
simple,1.355555555555556,1.7314804911860904,0.588888888888889,1.9374636595556483,0.5611111111111112,2.0035077264329537
simplify,1.5114285714285716,1.6462548715313847,1.3542857142857143,1.518898634282252,0.6942857142857142,1.7765042490629668
skilled,2.2750000000000004,1.7397916541931107,2.1694444444444447,1.7457598543716724,1.8444444444444446,1.849090533875812
skip,0.23076923076923073,1.811098808862595,0.341025641025641,1.7586005433689056,0.5230769230769232,1.973992640006743
slander,-1.4125,2.1935630262201267,0.07499999999999993,2.309085316743407,0.3718749999999999,2.428249675048882
slow,-0.5777777777777777,1.9512262684315433,-0.4749999999999999,1.990166799263039,-1.6694444444444447,2.0938825506227587
small,0.923684210526316,1.6631349931800985,0.8921052631578945,2.0874791620702617,1.218421052631579,1.9137803953594177
software,1.6812500000000004,1.4418819083059473,1.7624999999999997,1.386486116050211,1.325,1.624807680927192
software designer,2.182857142857143,1.4203592532043663,1.9257142857142855,1.5896707398780696,1.5342857142857145,1.5304421129936572
software developer,1.4897435897435896,2.1587977271067973,1.7692307692307696,1.7974560151037748,1.2307692307692308,2.2474092031120505
software maintainer,2.151219512195121,1.2265601217641966,1.6390243902439026,1.472160855603412,1.2463414634146341,1.790503071557375
software tester,1.3999999999999997,1.7846568297574747,1.5055555555555555,1.9157163505598813,1.3722222222222227,1.8610945272892974
software user,1.8805555555555553,1.5900418311136844,1.5777777777777777,1.994591452335138,1.3083333333333336,1.8166475534162738
solution,1.7935483870967746,1.5491799045594887,2.064516129032258,1.475946582453438,1.4193548387096775,1.8382002689936152
solve,2.0585365853658533,1.2882159358748821,1.804878048780488,1.486024524550966,1.6024390243902435,1.7567275292815427
special,1.9860465116279074,1.5563196591823927,1.7139534883720924,1.5343480390098634,1.5511627906976748,1.7003928537900055
specific,2.008333333333333,1.4050257016233627,1.8472222222222225,1.4616364708228602,1.7527777777777778,1.276820293435374
specify,1.8714285714285714,1.4541706381638844,1.9371428571428575,1.754681202512006,1.7,1.4863185584331702
standard,1.4250000000000005,1.5522161576275386,1.3812499999999999,1.6689138496339468,0.7437500000000001,1.9254768078322835
star,1.8305555555555557,1.4400654777637416,1.613888888888889,1.73111280487722,0.8972222222222221,1.8868677912690106
statement,1.1314285714285715,1.5702177153087364,1.1314285714285717,1.5497043826063692,1.057142857142857,1.439302552187932
stifle,-1.0645161290322578,1.668599642175704,-0.1709677419354839,2.426758564009134,-0.4612903225806451,2.082287423895366
strict,-0.03225806451612907,2.0655995141259944,1.0419354838709678,1.9892897409017682,0.3580645161290321,1.669223152044549
string,1.1256410256410256,1.7417524256228407,1.1794871794871793,1.772898465164983,1.041025641025641,1.9371824568525828
style,2.0146341463414634,1.3726529370759732,1.8048780487804874,1.6004498177931856,1.7853658536585364,1.5296358526658744
submissive,0.4527777777777777,1.7706693823885915,0.06388888888888881,1.8581880029536806,-0.19722222222222235,1.8382488815765083
submit,1.8052631578947371,1.2894199773992738,1.6394736842105264,1.5382046051166978,1.5184210526315791,1.4147447720642414
sufficient,1.5514285714285712,1.2259973033229323,1.5,1.46443553240538,0.7600000000000001,1.6037812462160435
super,1.7384615384615383,1.8237205398566605,2.0256410256410255,1.5128031289744366,1.466666666666667,2.1439638981524847
supporter,1.6210526315789473,1.5179899962808925,1.8578947368421055,1.3394090564493788,1.6763157894736842,1.5426283467078137
switch,0.7857142857142859,1.7676688211383065,0.9485714285714288,1.8368251224905012,1.1771428571428573,1.6537551579508316
syntax,1.1527777777777777,1.4334275378172554,1.3083333333333336,1.552663482177928,1.0777777777777782,1.5590437081591448
system,1.5552631578947371,1.7139823386090396,1.928947368421053,1.5887611682885177,1.5921052631578945,1.4399162217857582
table,1.0674418604651161,1.3012911173911816,1.116279069767442,1.4515317062376172,1.030232558139535,1.7852802377531825
talk about,1.1085714285714285,1.4609921146890814,1.2514285714285718,1.277580621682232,1.2914285714285714,1.396602290984686
talk to,1.5153846153846153,1.7084313485135498,1.6948717948717955,1.7320432158327237,1.0794871794871796,2.1862248796028756
talkative,1.6342105263157896,1.698494118761718,1.4105263157894736,1.7047595097695114,1.2947368421052632,1.7356854202638055
teach,2.1317073170731713,1.5747146895108,1.829268292682927,1.6956535400897896,1.6243902439024391,1.4984187580709758
team,2.1837209302325573,1.477573471601507,2.2465116279069766,1.375085424358573,2.006976744186047,1.3212741118060758
teammate,2.616666666666666,1.280082462621495,1.875,1.8377787014642313,2.197222222222223,1.2872205438055522
"teamwork towards common goals, organizational unity",2.419444444444445,1.3850028969974606,2.4750000000000005,1.2919354559041338,2.052777777777778,1.6102943331907285
temporary,0.8861111111111113,1.3632381339577262,0.4083333333333333,1.7049560111627515,0.7444444444444442,1.4438460298884679
test,1.7886363636363634,1.4703456472251855,1.5863636363636362,1.3474877144137039,1.2431818181818184,1.7720555254065735
test case,1.183333333333334,2.1971572542719833,0.9833333333333335,2.118896463308725,0.5249999999999999,1.9744725033959492
think about,1.8500000000000005,1.5648038570731833,1.722222222222222,1.622945044443573,1.355555555555556,1.7256954225349341
tricky,-0.5694444444444444,1.9592826698174293,0.40277777777777785,1.9040141968295285,0.19722222222222227,1.781772854819839
trigger,-0.006250000000000002,1.8577435069190795,1.13125,1.5065352427009466,0.9156250000000001,1.707357127075352
trivial,1.4947368421052634,1.4926041122853306,1.0078947368421058,1.7311969663467206,0.9210526315789476,1.6230507166471613
trust,2.6444444444444444,1.3953184511956092,2.497222222222222,1.4372980266054605,1.4694444444444446,1.5703537189019345
trustworthy,2.1488372093023247,1.6463309584229955,2.4046511627906977,1.2375808150021712,1.0976744186046512,1.9053765265559044
try statement,1.45625,1.5229366163764007,1.4156250000000004,1.8100603192642504,0.8781250000000003,1.9635322723029025
typo,-0.9285714285714284,1.6399601787101727,-0.3428571428571429,1.5631992312992908,-0.05428571428571432,1.396187227956983
unclear,-0.6222222222222222,2.402904620929418,-0.8249999999999997,2.29654027228399,-0.2861111111111112,2.496125083424059
uncooperative,-1.0444444444444443,2.5984444539468057,-0.6694444444444446,2.331763691624914,0.14444444444444443,2.475035852090996
undefined,0.30937500000000007,1.9218089419541682,0.12812500000000002,2.2226440300630688,0.13750000000000004,1.823929480544684
unfriendly,-1.6516129032258062,2.1320701688722155,-0.3709677419354839,2.549028094149978,-0.1129032258064516,2.3165243619843534
unknown,-0.40625,1.9429258703048864,-0.13437500000000002,1.9354601156766316,-0.5593750000000001,1.902278136702149
unlikely,0.4461538461538461,2.0227990449699544,0.15641025641025644,1.930297555353189,0.2923076923076923,2.034999479037874
unmotivated,-1.70625,2.0904451529518777,-1.58125,1.9939655055943168,-1.6749999999999998,2.1937410968480306
unnecessary,-0.8048780487804876,1.9467234786176157,-1.0097560975609756,1.7101996571572773,-0.34146341463414637,1.852351914328152
unrelated,0.588888888888889,1.7722831755453154,-0.02222222222222219,1.8921051050073994,0.10555555555555561,1.751815636615725
unreliable,-1.9400000000000002,1.7150093710697742,-0.862857142857143,2.269812542830759,-0.6828571428571428,2.045690343036266
unskilled,-0.658974358974359,2.1201980977497157,-0.6461538461538462,2.2485147409865753,-0.5948717948717948,2.1458306284810895
untrustworthy,-1.478048780487805,2.552522635060953,-0.553658536585366,2.3770341800569117,-0.06585365853658534,2.4396730844668473
unused,0.13888888888888887,2.0591635003048334,-0.022222222222222213,1.9200855176428282,-0.486111111111111,1.854746580140589
update,1.6483870967741938,1.2037229795290982,1.4354838709677422,1.5296106160839198,0.9032258064516129,1.8050974186860194
upgrade,1.8885714285714283,1.422025000497817,1.2857142857142858,1.7401383946839004,1.1742857142857146,1.6745733541315373
upload,1.2289473684210526,1.8517286226568834,1.2526315789473685,1.6623915622894598,1.28421052631579,1.7905492123911197
use,1.8243902439024393,1.2235056565509355,1.2048780487804875,1.5900531084108243,1.1609756097560977,1.4277524634775076
use case scenario,1.4024390243902438,1.5980915149591446,1.2292682926829268,1.6936385859227328,1.4634146341463412,1.3017354452967542
useful,1.9447368421052629,1.8124855525262384,1.8526315789473682,1.7753779200504805,1.5184210526315791,2.047701569431328
useless,-1.2697674418604654,2.268032123528803,-0.8209302325581394,2.4319155183015218,-0.2441860465116279,2.5199023906512634
utility,1.8390243902439023,1.4961541020115847,1.4000000000000001,1.7572150915721105,1.5560975609756096,1.3640057185503123
valid,2.0472222222222225,1.6635781568506536,1.636111111111111,1.9493806392142121,1.4944444444444445,1.7079787346523643
validate,1.6972222222222226,1.7539615653826357,1.8944444444444442,1.8557634614064793,1.225,1.6907222322624926
value,1.7194444444444446,1.7880497514275844,1.938888888888889,1.776431782124833,1.4194444444444445,1.9217786096976308
variable,1.4500000000000004,1.3436062584618225,1.377777777777778,1.6307992435733794,1.1194444444444447,1.594925885502807
vector,1.6459459459459456,1.4475691823255634,1.064864864864865,1.7036076531269015,1.0405405405405406,1.9315949801330978
verbose,0.9314285714285715,1.755281243817628,1.2142857142857146,1.7763755808053747,1.34,1.5624522849857343
verify,1.913888888888889,1.3731862335818712,1.958333333333333,1.324633072883875,0.7916666666666665,1.713082828638994
version,1.3651162790697675,1.3227673108193299,1.5255813953488373,1.2279862553688445,1.2767441860465119,1.4854076582889315
video,1.6777777777777776,1.6372590766126836,1.5027777777777782,1.858985104104912,1.725,1.7174553204604124
visible,1.7906250000000001,1.558516797912361,1.68125,1.1306628310420397,0.9250000000000003,1.5167811312117514
vote on,2.013157894736842,1.4371336700514563,1.892105263157895,1.534752093635864,1.4473684210526316,1.8578052759138393
wait for,0.6697674418604652,1.7286282885195996,0.5302325581395348,1.8879710881360556,-0.06279069767441861,2.204648709644401
warning,-0.19375000000000003,2.184024024020798,0.5656249999999999,2.191975332747839,0.565625,2.158067621594606
watch,1.455555555555556,1.2893677271447694,1.2527777777777778,1.5048968423692164,0.45833333333333354,1.9312308970648169
watcher,1.1290322580645158,1.6484975658962526,0.9806451612903224,1.824284102598254,0.9419354838709679,1.860935282289507
weird,0.4677419354838709,1.8770923116101486,0.5580645161290323,1.7149765715597864,0.6903225806451615,1.7853082933749398
well-known,1.8888888888888888,1.1057370035354948,1.8083333333333331,1.4131082761062579,1.466666666666667,1.5414639506362486
whitespace,1.2741935483870968,1.7645190776645765,1.019354838709678,1.7113321268190573,0.4709677419354838,1.788708950231098
wrapper,0.7714285714285716,1.3081221936307739,0.6028571428571428,1.3442971003009532,0.8171428571428572,1.439143736350734
write,1.8156250000000005,1.2693771541094476,1.4218749999999998,1.6938739576411816,0.9406250000000002,1.9908948011823728
